{
  "Schema": "public",
  "Name": "TestTable",
  "Columns": [
    {
      "Name": "DateCreated",
      "DataType": "timestamp",
      "Nullable": true,
      "Generated": "NEVER",
      "Storage": "PLAIN",
      "Compression": "DEFAULT",
      "OldName": ""
    },
    {
      "Name": "ParentID",
      "DataType": "uuid",
      "Nullable": true,
      "Generated": "NEVER",
      "Storage": "PLAIN",
      "Compression": "DEFAULT",
      "OldName": ""
    },
    {
      "Name": "SomeText",
      "DataType": "varchar(2000)",
      "Nullable": true,
      "Generated": "NEVER",
      "Storage": "EXTENDED",
      "Compression": "DEFAULT",
      "OldName": ""
    },
    {
      "Name": "Status",
      "DataType": "int2",
      "Nullable": false,
      "Default": "0",
      "Generated": "NEVER",
      "Storage": "PLAIN",
      "Compression": "DEFAULT",
      "OldName": ""
    },
    {
      "Name": "TestID",
      "DataType": "uuid",
      "Nullable": false,
      "Generated": "NEVER",
      "Storage": "PLAIN",
      "Compression": "DEFAULT",
      "OldName": ""
    }
  ],
  "Indexes": [
    {
      "Name": "CIX_TestTable_DateCreated",
      "PrimaryKey": false,
      "Unique": false,
      "UniqueConstraint": false,
      "Clustered": false,
      "IndexColumns": "DateCreated",
      "AccessMethod": "btree"
    },
    {
      "Name": "PK_TestTable",
      "PrimaryKey": true,
      "Unique": true,
      "UniqueConstraint": false,
      "Clustered": false,
      "IndexColumns": "TestID",
      "AccessMethod": "btree"
    }
  ],
  "ForeignKeys": [
    {
      "Name": "FK_SelfReference",
      "Columns": "ParentID",
      "RelatedTableSchema": "public",
      "RelatedTable": "TestTable",
      "RelatedColumns": "TestID",
      "DeleteAction": "",
      "UpdateAction": ""
    }
  ],
  "CheckConstraints": [
    {
      "Name": "CK_Test",
      "Expression": "CHECK ((\"Status\" < 20))"
    }
  ],
  "ShouldApplyExpression": "",
  "ContentFile": "",
  "MergeType": "NONE",
  "MergeDisableTriggers": false,
  "MergeDisableRules": false,
  "MergeUpdateDescendents": true,
  "OldName": "",
  "RowLevelSecurity": false,
  "ForceRowLevelSecurity": false,
  "AccessMethod": "heap",
  "PersistenceType": "Logged"
}