{
  "Name": "TestProduct",
  "ValidationScript": "SELECT CAST(CASE WHEN EXISTS(SELECT * FROM pg_database WHERE datistemplate = false AND datname = '{{TestMainDb}}') THEN 1 ELSE 0 END AS BIT)",
  "TemplateOrder": [
    "TestMain",
    "TestSecondary"
  ],
  "ScriptTokens": {
    "TestMainDb": "TestMain",
    "TestSecondaryDb": "TestSecondary"
  },
  "ScriptFolders": [],
  "BranchNameFile": "{{repo_path}}\\.git\\HEAD",
  "BeforeBranchNameMask": "ref: refs/heads/",
  "DropUnknownIndexes": false
}