{
  "Schema": "public",
  "Name": "TestSecondaryTable",
  "Columns": [
    {
      "Name": "DateCreated",
      "DataType": "timestamp",
      "Nullable": false,
      "Generated": "NEVER",
      "Storage": "PLAIN",
      "Compression": "DEFAULT",
      "ShouldApplyExpression": "",
      "OldName": ""
    },
    {
      "Name": "Status",
      "DataType": "int2",
      "Nullable": true,
      "Generated": "NEVER",
      "Storage": "PLAIN",
      "Compression": "DEFAULT",
      "ShouldApplyExpression": "",
      "OldName": ""
    },
    {
      "Name": "TestSecondaryID",
      "DataType": "uuid",
      "Nullable": false,
      "Generated": "NEVER",
      "Storage": "PLAIN",
      "Compression": "DEFAULT",
      "ShouldApplyExpression": "",
      "OldName": ""
    }
  ],
  "Indexes": [
    {
      "Name": "CIX_DateCreated",
      "PrimaryKey": false,
      "Unique": false,
      "UniqueConstraint": false,
      "Clustered": false,
      "IndexColumns": "DateCreated",
      "AccessMethod": "btree",
      "ShouldApplyExpression": ""
    },
    {
      "Name": "PK_TestSecondaryTable",
      "PrimaryKey": true,
      "Unique": true,
      "UniqueConstraint": false,
      "Clustered": false,
      "IndexColumns": "TestSecondaryID",
      "AccessMethod": "btree",
      "ShouldApplyExpression": ""
    }
  ],
  "ForeignKeys": [],
  "CheckConstraints": [],
  "ShouldApplyExpression": "",
  "ContentFile": "",
  "MergeType": "NONE",
  "MergeDisableTriggers": false,
  "MergeDisableRules": false,
  "MergeUpdateDescendents": true,
  "OldName": "",
  "RowLevelSecurity": false,
  "ForceRowLevelSecurity": false,
  "AccessMethod": "heap",
  "PersistenceType": "Logged"
}